url_path,views_total,views_unique
/harfang3d/dogfight-sandbox-hg2,143,88
/harfang3d/dogfight-sandbox-hg2/releases,28,12
/harfang3d/dogfight-sandbox-hg2/tree/main/source,16,9
/harfang3d/dogfight-sandbox-hg2/issues,13,4
/harfang3d/dogfight-sandbox-hg2/blob/main/academic_references.md,12,8
/harfang3d/dogfight-sandbox-hg2/tree/main/Agent,10,9
/harfang3d/dogfight-sandbox-hg2/blob/main/Agent/Train.py,9,4
/harfang3d/dogfight-sandbox-hg2/tree/main,6,2
/harfang3d/dogfight-sandbox-hg2/tree/main/screenshots,5,5
/harfang3d/dogfight-sandbox-hg2/blob/main/source/aircraft_f14.py,5,4
